date,year,week,total_commits,unique_authors,unique_props_contributors,total_lines_added,total_lines_deleted
2003-03-31,2003,14,5,2,0,7758,75
2003-04-07,2003,15,2,1,0,28,27
2003-04-21,2003,17,5,2,0,284,110
2003-05-05,2003,19,8,2,0,172,143
2003-05-12,2003,20,3,1,0,2180,13
2003-05-19,2003,21,79,2,0,8427,8935
2003-05-26,2003,22,45,2,0,1821,1645
2003-06-02,2003,23,48,2,0,456,427
2003-06-09,2003,24,36,2,0,2117,1292
2003-06-16,2003,25,11,2,0,946,506
2003-06-23,2003,26,5,1,0,15,234
2003-06-30,2003,27,2,1,0,4,2
2003-07-07,2003,28,2,1,0,10,10
2003-07-14,2003,29,11,2,0,116,279
2003-07-21,2003,30,15,2,0,673,250
2003-07-28,2003,31,13,2,0,1070,640
2003-08-04,2003,32,15,2,0,667,169
2003-08-11,2003,33,16,4,0,1099,965
2003-08-18,2003,34,21,1,0,472,73
2003-08-25,2003,35,10,3,0,156,52
2003-09-01,2003,36,5,2,0,66,50
2003-09-08,2003,37,12,4,0,52,39
2003-09-15,2003,38,7,3,0,90,132
2003-09-22,2003,39,20,2,0,997,614
2003-09-29,2003,40,19,4,0,121,140
2003-10-06,2003,41,29,3,0,2295,2555
2003-10-13,2003,42,12,3,0,440,236
2003-10-20,2003,43,25,5,0,1267,146
2003-10-27,2003,44,25,3,0,841,1244
2003-11-03,2003,45,25,4,0,1177,682
2003-11-10,2003,46,18,3,0,1642,1064
2003-11-17,2003,47,7,3,0,89,79
2003-11-24,2003,48,4,2,0,215,143
2003-12-01,2003,49,23,2,0,969,917
2003-12-08,2003,50,27,4,0,919,1090
2003-12-15,2003,51,22,3,0,1031,526
2003-12-22,2003,52,27,3,0,2096,909
2003-12-29,2004,1,55,5,0,1964,2509
2004-01-05,2004,2,37,5,0,310,94
2004-01-12,2004,3,31,3,0,322,229
2004-01-19,2004,4,12,3,0,38,382
2004-01-26,2004,5,27,5,0,4144,3907
2004-02-02,2004,6,24,6,0,611,382
2004-02-09,2004,7,28,4,0,1037,1130
2004-02-16,2004,8,37,4,0,821,587
2004-02-23,2004,9,45,3,0,776,400
2004-03-01,2004,10,7,3,0,78,87
2004-03-08,2004,11,14,3,0,277,220
2004-03-15,2004,12,8,3,0,160,78
2004-03-22,2004,13,36,5,0,826,857
2004-03-29,2004,14,33,5,0,204,179
2004-04-05,2004,15,6,2,0,337,199
2004-04-12,2004,16,36,4,0,1324,830
2004-04-19,2004,17,81,3,1,4260,2033
2004-04-26,2004,18,44,3,0,1548,1528
2004-05-03,2004,19,34,3,0,614,499
2004-05-10,2004,20,36,4,0,321,214
2004-05-17,2004,21,62,4,0,2075,679
2004-05-24,2004,22,17,4,0,1949,1658
2004-05-31,2004,23,21,3,0,750,529
2004-06-07,2004,24,31,3,0,347,391
2004-06-14,2004,25,22,4,0,254,170
2004-06-21,2004,26,4,2,0,14,5
2004-06-28,2004,27,3,3,0,187,6
2004-07-05,2004,28,9,1,0,133,118
2004-07-12,2004,29,8,2,0,22,9
2004-07-19,2004,30,16,2,0,277,208
2004-07-26,2004,31,24,2,1,542,209
2004-08-02,2004,32,13,2,0,581,462
2004-08-09,2004,33,15,2,0,434,70
2004-08-16,2004,34,16,3,0,598,506
2004-08-23,2004,35,22,3,0,914,184
2004-08-30,2004,36,38,3,0,2161,3819
2004-09-06,2004,37,29,3,0,1031,273
2004-09-13,2004,38,57,4,0,3520,3338
2004-09-20,2004,39,15,3,0,229,1677
2004-09-27,2004,40,17,4,0,464,199
2004-10-04,2004,41,42,4,0,934,1072
2004-10-11,2004,42,36,4,0,772,693
2004-10-18,2004,43,22,4,0,924,943
2004-10-25,2004,44,10,4,0,37,30
2004-11-01,2004,45,6,3,0,26,9
2004-11-08,2004,46,6,1,0,26,7
2004-11-15,2004,47,22,3,0,831,568
2004-11-22,2004,48,27,3,0,272,185
2004-11-29,2004,49,13,2,0,510,423
2004-12-06,2004,50,27,3,0,469,387
2004-12-13,2004,51,43,2,0,2411,390
2004-12-20,2004,52,21,4,0,191,160
2004-12-27,2004,53,33,3,0,2822,1528
2005-01-03,2005,1,35,2,0,2312,2100
2005-01-10,2005,2,26,3,0,151,209
2005-01-17,2005,3,23,3,0,193,108
2005-01-24,2005,4,41,2,0,850,335
2005-01-31,2005,5,71,4,0,796,658
2005-02-07,2005,6,74,4,0,842,633
2005-02-14,2005,7,58,4,0,522,528
2005-02-21,2005,8,26,2,0,248,182
2005-02-28,2005,9,21,2,1,496,290
2005-03-07,2005,10,28,2,0,340,261
2005-03-14,2005,11,17,2,0,68,82
2005-03-21,2005,12,23,2,0,379,266
2005-03-28,2005,13,33,1,0,393,227
2005-04-04,2005,14,13,2,0,654,354
2005-04-11,2005,15,12,2,0,137,37
2005-04-18,2005,16,36,2,0,33016,899
2005-04-25,2005,17,4,2,0,21,17
2005-05-02,2005,18,9,1,0,59,46
2005-05-09,2005,19,22,2,0,33271,142
2005-05-16,2005,20,5,2,0,33145,15
2005-05-23,2005,21,4,1,0,51,52
2005-05-30,2005,22,1,1,0,40,69
2005-06-06,2005,23,14,2,0,33664,2101
2005-06-13,2005,24,21,2,0,925,907
2005-06-20,2005,25,9,1,0,33330,132
2005-06-27,2005,26,32,2,0,33929,554
2005-07-04,2005,27,7,2,0,399,279
2005-07-11,2005,28,22,2,0,1270,686
2005-07-18,2005,29,11,2,0,911,879
2005-07-25,2005,30,2,1,0,2,1
2005-08-01,2005,31,24,1,0,793,586
2005-08-08,2005,32,20,1,0,331,134
2005-08-15,2005,33,19,2,0,34152,428
2005-08-22,2005,34,16,1,0,235,199
2005-08-29,2005,35,20,2,0,823,83
2005-09-05,2005,36,32,2,0,675,770
2005-09-12,2005,37,21,2,0,2175,999
2005-09-19,2005,38,26,2,0,2158,1141
2005-09-26,2005,39,13,2,0,783,459
2005-10-03,2005,40,12,2,0,644,527
2005-10-10,2005,41,11,2,0,731,685
2005-10-17,2005,42,11,2,0,1158,951
2005-10-24,2005,43,15,2,0,233,144
2005-10-31,2005,44,26,2,0,1394,1245
2005-11-07,2005,45,61,2,0,3808,3435
2005-11-14,2005,46,109,2,0,3910,3106
2005-11-21,2005,47,41,3,0,203,1580
2005-11-28,2005,48,50,2,0,1720,690
2005-12-05,2005,49,26,1,0,351,180
2005-12-12,2005,50,37,3,0,921,507
2005-12-19,2005,51,32,2,0,168,89
2005-12-26,2005,52,28,2,0,381,134
2006-01-02,2006,1,25,2,0,206,218
2006-01-09,2006,2,28,2,0,1352,478
2006-01-16,2006,3,29,2,0,160,118
2006-01-23,2006,4,28,2,0,172,86
2006-01-30,2006,5,7,2,0,9,6
2006-02-06,2006,6,17,2,0,526,241
2006-02-13,2006,7,36,1,0,627,127
2006-02-20,2006,8,12,1,0,707,513
2006-02-27,2006,9,47,1,0,2757,2735
2006-03-06,2006,10,22,2,1,1138,845
2006-03-13,2006,11,7,2,0,1050,1032
2006-03-20,2006,12,14,1,0,277,124
2006-03-27,2006,13,21,1,1,1341,933
2006-04-03,2006,14,22,2,0,245,216
2006-04-10,2006,15,6,1,0,326,287
2006-04-17,2006,16,41,2,0,2719,2619
2006-04-24,2006,17,5,2,0,10,10
2006-05-01,2006,18,12,1,0,237,124
2006-05-08,2006,19,7,2,0,875,289
2006-05-15,2006,20,14,2,0,296,90
2006-05-22,2006,21,22,1,2,680,285
2006-05-29,2006,22,35,1,1,658,545
2006-06-05,2006,23,21,1,0,7771,7408
2006-06-12,2006,24,20,2,0,322,238
2006-06-19,2006,25,38,1,1,932,745
2006-06-26,2006,26,22,2,0,479,352
2006-07-03,2006,27,60,2,0,706,591
2006-07-10,2006,28,13,1,0,237,181
2006-07-17,2006,29,20,1,0,117,86
2006-07-24,2006,30,31,2,0,367,293
2006-07-31,2006,31,6,1,0,80,26
2006-08-07,2006,32,17,1,0,2454,118
2006-08-14,2006,33,14,1,1,183,88
2006-08-21,2006,34,13,1,0,287,153
2006-08-28,2006,35,45,2,0,763,634
2006-09-04,2006,36,17,1,0,206,180
2006-09-11,2006,37,11,2,1,631,312
2006-09-18,2006,38,27,2,0,652,1223
2006-09-25,2006,39,43,2,0,1422,758
2006-10-02,2006,40,101,3,2,4050,3628
2006-10-09,2006,41,35,2,0,11132,6482
2006-10-16,2006,42,15,3,0,1012,109
2006-10-23,2006,43,18,2,0,3114,3127
2006-10-30,2006,44,17,3,0,102,81
2006-11-06,2006,45,15,2,0,86,109
2006-11-13,2006,46,34,3,0,2863,2623
2006-11-20,2006,47,37,3,0,404,275
2006-11-27,2006,48,59,3,2,620,5539
2006-12-04,2006,49,47,2,1,7038,650
2006-12-11,2006,50,8,2,0,146,142
2006-12-18,2006,51,15,2,0,409,385
2006-12-25,2006,52,6,2,0,36,25
2007-01-01,2007,1,29,3,1,855,318
2007-01-08,2007,2,31,2,1,222,111
2007-01-15,2007,3,49,2,0,273,175
2007-01-22,2007,4,49,3,0,4611,1380
2007-01-29,2007,5,38,3,0,343,158
2007-02-05,2007,6,8,3,0,13,7
2007-02-12,2007,7,18,2,0,174,72
2007-02-19,2007,8,55,2,0,4403,1147
2007-02-26,2007,9,20,3,0,1011,349
2007-03-05,2007,10,59,3,1,1523,1348
2007-03-12,2007,11,36,3,6,321,226
2007-03-19,2007,12,46,2,1,855,680
2007-03-26,2007,13,61,3,0,1084,483
2007-04-02,2007,14,45,4,2,696,101
2007-04-09,2007,15,60,4,0,1062,670
2007-04-16,2007,16,21,3,0,2986,2481
2007-04-23,2007,17,52,3,0,4418,2785
2007-04-30,2007,18,55,2,2,7272,6849
2007-05-07,2007,19,67,3,0,1300,1039
2007-05-14,2007,20,28,3,0,1774,541
2007-05-21,2007,21,69,4,0,6873,6656
2007-05-28,2007,22,80,3,4,6174,5394
2007-06-04,2007,23,30,3,1,809,563
2007-06-11,2007,24,45,4,1,1203,987
2007-06-18,2007,25,31,3,1,874,640
2007-06-25,2007,26,22,2,2,98,75
2007-07-02,2007,27,17,3,1,112,45
2007-07-09,2007,28,13,3,0,1440,503
2007-07-16,2007,29,12,2,0,1990,1872
2007-07-23,2007,30,6,3,0,181,130
2007-07-30,2007,31,31,2,0,151,124
2007-08-06,2007,32,10,2,0,29,14
2007-08-13,2007,33,40,3,0,1016,399
2007-08-20,2007,34,44,4,0,907,695
2007-08-27,2007,35,64,4,4,1673,845
2007-09-03,2007,36,55,3,2,1384,1280
2007-09-10,2007,37,58,4,3,3503,3115
2007-09-17,2007,38,37,2,1,683,460
2007-09-24,2007,39,19,4,3,57,103
2007-10-01,2007,40,22,3,5,458,264
2007-10-08,2007,41,49,3,0,1947,1474
2007-10-15,2007,42,32,3,3,911,459
2007-10-22,2007,43,13,2,0,67,41
2007-10-29,2007,44,17,2,3,511,242
2007-11-05,2007,45,16,1,0,458,183
2007-11-12,2007,46,13,2,1,447,356
2007-11-19,2007,47,1,1,0,30,1
2007-11-26,2007,48,8,2,0,452,96
2007-12-03,2007,49,17,2,0,750,871
2007-12-10,2007,50,28,3,0,2856,964
2007-12-17,2007,51,80,3,3,5042,4093
2007-12-24,2007,52,53,3,4,6015,2978
2007-12-31,2008,1,40,3,2,4298,1976
2008-01-07,2008,2,35,3,4,3240,1465
2008-01-14,2008,3,34,3,2,1256,556
2008-01-21,2008,4,31,3,3,3307,534
2008-01-28,2008,5,45,2,1,1330,866
2008-02-04,2008,6,65,3,0,2537,3322
2008-02-11,2008,7,113,3,3,10175,1399
2008-02-18,2008,8,119,3,3,4884,3880
2008-02-25,2008,9,123,2,6,6646,5063
2008-03-03,2008,10,58,4,7,2167,1610
2008-03-10,2008,11,147,4,16,3344,1463
2008-03-17,2008,12,155,4,6,2346,1958
2008-03-24,2008,13,87,4,2,1400,798
2008-03-31,2008,14,28,4,5,183,84
2008-04-07,2008,15,33,2,0,161,116
2008-04-14,2008,16,112,2,1,1668,1241
2008-04-21,2008,17,87,3,0,736,598
2008-04-28,2008,18,50,2,4,674,440
2008-05-05,2008,19,26,3,0,891,392
2008-05-12,2008,20,34,2,0,3500,1848
2008-05-19,2008,21,44,1,0,3465,1883
2008-05-26,2008,22,36,2,1,1168,1303
2008-06-02,2008,23,31,1,0,1172,1072
2008-06-09,2008,24,33,2,4,3181,881
2008-06-16,2008,25,72,4,5,4976,2330
2008-06-23,2008,26,47,3,0,1319,821
2008-06-30,2008,27,52,3,0,5061,2564
2008-07-07,2008,28,63,4,0,1668,963
2008-07-14,2008,29,53,5,3,2915,1391
2008-07-21,2008,30,88,5,4,1506,616
2008-07-28,2008,31,60,5,5,1870,592
2008-08-04,2008,32,82,4,5,5116,2423
2008-08-11,2008,33,51,4,6,4281,1673
2008-08-18,2008,34,61,4,2,7710,5187
2008-08-25,2008,35,63,3,8,6230,4184
2008-09-01,2008,36,55,3,7,4613,1079
2008-09-08,2008,37,48,3,0,3067,1142
2008-09-15,2008,38,58,3,3,5648,2287
2008-09-22,2008,39,79,4,7,4485,2452
2008-09-29,2008,40,60,4,3,4962,1527
2008-10-06,2008,41,42,4,2,1804,1258
2008-10-13,2008,42,121,5,4,2987,1805
2008-10-20,2008,43,113,4,5,2512,1676
2008-10-27,2008,44,119,5,4,4737,3611
2008-11-03,2008,45,103,4,2,3757,2070
2008-11-10,2008,46,145,4,0,3673,3157
2008-11-17,2008,47,122,4,7,2961,1572
2008-11-24,2008,48,140,4,2,2452,2495
2008-12-01,2008,49,130,5,15,2126,972
2008-12-08,2008,50,83,5,1,1183,1621
2008-12-15,2008,51,34,3,0,470,259
2008-12-22,2008,52,20,2,1,198,111
2008-12-29,2009,1,40,2,0,593,330
2009-01-05,2009,2,49,2,0,6025,1742
2009-01-12,2009,3,28,3,0,1790,5259
2009-01-19,2009,4,62,4,3,910,385
2009-01-26,2009,5,40,4,1,1775,651
2009-02-02,2009,6,51,4,0,2313,1829
2009-02-09,2009,7,51,3,5,1693,721
2009-02-16,2009,8,49,3,5,4190,503
2009-02-23,2009,9,49,3,9,14766,668
2009-03-02,2009,10,69,3,5,1414,676
2009-03-09,2009,11,46,4,2,15316,14836
2009-03-16,2009,12,37,3,2,2787,2579
2009-03-23,2009,13,20,3,1,1928,422
2009-03-30,2009,14,27,4,2,396,474
2009-04-06,2009,15,39,3,1,1204,1099
2009-04-13,2009,16,93,4,0,2308,2031
2009-04-20,2009,17,83,3,0,11842,10669
2009-04-27,2009,18,74,4,2,2399,1900
2009-05-04,2009,19,91,4,8,2372,2124
2009-05-11,2009,20,120,4,6,3073,1767
2009-05-18,2009,21,75,4,1,1668,1490
2009-05-25,2009,22,48,4,3,566,329
2009-06-01,2009,23,33,3,0,429,198
2009-06-08,2009,24,32,4,1,162,186
2009-06-15,2009,25,57,4,2,813,509
2009-06-22,2009,26,43,2,0,1118,591
2009-06-29,2009,27,27,2,0,604,425
2009-07-06,2009,28,19,3,7,109,77
2009-07-13,2009,29,11,1,0,75,61
2009-07-20,2009,30,24,2,0,472,319
2009-07-27,2009,31,22,3,0,1089,389
2009-08-03,2009,32,27,3,10,297,120
2009-08-10,2009,33,41,4,3,1319,1427
2009-08-17,2009,34,32,3,5,10632,10397
2009-08-24,2009,35,26,3,3,1973,888
2009-08-31,2009,36,9,4,2,162,144
2009-09-07,2009,37,25,3,2,2484,765
2009-09-14,2009,38,26,3,3,3083,1328
2009-09-21,2009,39,26,4,0,1324,624
2009-09-28,2009,40,16,4,2,520,1003
2009-10-05,2009,41,26,4,4,1397,1195
2009-10-12,2009,42,33,4,2,2235,1404
2009-10-19,2009,43,52,4,8,1868,1420
2009-10-26,2009,44,29,4,1,667,290
2009-11-02,2009,45,21,4,1,448,197
2009-11-09,2009,46,31,4,3,706,354
2009-11-16,2009,47,74,4,8,566,362
2009-11-23,2009,48,31,3,0,610,404
2009-11-30,2009,49,35,4,1,418,330
2009-12-07,2009,50,65,5,6,617,430
2009-12-14,2009,51,71,3,4,628,443
2009-12-21,2009,52,94,5,14,7936,10914
2009-12-28,2009,53,39,3,2,317,175
2010-01-04,2010,1,96,5,6,11049,3626
2010-01-11,2010,2,58,6,1,3405,3470
2010-01-18,2010,3,70,6,0,3877,2269
2010-01-25,2010,4,95,5,4,3812,3507
2010-02-01,2010,5,105,5,3,5182,2221
2010-02-08,2010,6,138,7,2,4803,3524
2010-02-15,2010,7,127,8,1,9745,9077
2010-02-22,2010,8,233,7,12,9947,9700
2010-03-01,2010,9,98,8,3,2320,1314
2010-03-08,2010,10,85,5,5,1458,1115
2010-03-15,2010,11,89,8,5,3063,2398
2010-03-22,2010,12,81,6,8,1829,1492
2010-03-29,2010,13,128,9,18,3479,5656
2010-04-05,2010,14,76,7,4,749,621
2010-04-12,2010,15,84,6,24,807,691
2010-04-19,2010,16,77,9,5,841,483
2010-04-26,2010,17,117,9,36,4532,2675
2010-05-03,2010,18,174,9,73,4356,5519
2010-05-10,2010,19,178,7,49,2225,1693
2010-05-17,2010,20,121,8,29,1776,8672
2010-05-24,2010,21,243,10,66,3495,2029
2010-05-31,2010,22,86,8,34,1007,982
2010-06-07,2010,23,90,8,29,1058,744
2010-06-14,2010,24,47,5,14,416,489
2010-06-21,2010,25,51,4,28,185,180
2010-06-28,2010,26,21,3,0,146,112
2010-07-05,2010,27,18,4,8,74,42
2010-07-12,2010,28,62,4,18,764,776
2010-07-19,2010,29,27,5,9,227,161
2010-07-26,2010,30,12,4,1,2768,2555
2010-08-02,2010,31,7,2,1,189,189
2010-08-09,2010,32,10,1,0,6581,5993
2010-08-16,2010,33,19,2,0,504,387
2010-08-23,2010,34,30,5,3,1301,1154
2010-08-30,2010,35,29,4,2,764,671
2010-09-06,2010,36,33,5,13,546,523
2010-09-13,2010,37,23,2,6,1011,1021
2010-09-20,2010,38,35,5,8,4115,3680
2010-09-27,2010,39,22,5,6,2306,413
2010-10-04,2010,40,80,7,17,2607,1702
2010-10-11,2010,41,59,7,14,1627,1460
2010-10-18,2010,42,123,7,33,3068,1752
2010-10-25,2010,43,170,8,48,18764,10702
2010-11-01,2010,44,107,6,16,21665,21165
2010-11-08,2010,45,146,5,32,2283,8703
2010-11-15,2010,46,151,9,47,3336,2634
2010-11-22,2010,47,75,8,9,1101,958
2010-11-29,2010,48,134,8,27,1661,1268
2010-12-06,2010,49,152,8,49,1812,1594
2010-12-13,2010,50,181,7,51,2198,1470
2010-12-20,2010,51,89,6,38,1303,925
2010-12-27,2010,52,48,5,11,608,518
2011-01-03,2011,1,40,4,18,915,275
2011-01-10,2011,2,77,5,37,967,2487
2011-01-17,2011,3,32,4,18,298,259
2011-01-24,2011,4,16,4,2,75,48
2011-01-31,2011,5,38,3,6,199,142
2011-02-07,2011,6,37,3,0,262,156
2011-02-14,2011,7,22,3,3,90,72
2011-02-21,2011,8,20,4,6,161,81
2011-02-28,2011,9,13,3,3,39,29
2011-03-07,2011,10,20,3,3,66,40
2011-03-14,2011,11,1,1,0,2,2
2011-03-21,2011,12,43,5,17,463,542
2011-03-28,2011,13,27,4,5,315,114
2011-04-04,2011,14,33,5,5,208,1204
2011-04-11,2011,15,19,4,5,2207,2271
2011-04-18,2011,16,50,8,2,6550,1690
2011-04-25,2011,17,90,8,14,5317,2405
2011-05-02,2011,18,57,10,3,3938,1689
2011-05-09,2011,19,94,8,28,3067,1878
2011-05-16,2011,20,65,6,30,2793,1784
2011-05-23,2011,21,71,6,4,838,790
2011-05-30,2011,22,85,9,12,1210,956
2011-06-06,2011,23,138,9,39,1991,1600
2011-06-13,2011,24,27,7,2,226,134
2011-06-20,2011,25,22,7,2,462,313
2011-06-27,2011,26,48,5,6,665,360
2011-07-04,2011,27,16,4,1,1892,96
2011-07-11,2011,28,37,4,32,146,117
2011-07-18,2011,29,19,5,7,383,252
2011-07-25,2011,30,30,4,1,646,562
2011-08-01,2011,31,26,3,2,4365,3705
2011-08-08,2011,32,28,6,19,387,354
2011-08-15,2011,33,31,5,15,5034,5346
2011-08-22,2011,34,41,6,12,1351,947
2011-08-29,2011,35,17,6,2,665,426
2011-09-05,2011,36,26,4,23,1319,436
2011-09-12,2011,37,47,6,22,1914,1245
2011-09-19,2011,38,67,7,27,2123,1711
2011-09-26,2011,39,90,8,24,3000,2538
2011-10-03,2011,40,59,6,2,1867,1880
2011-10-10,2011,41,52,7,10,1610,1217
2011-10-17,2011,42,72,8,28,936,852
2011-10-24,2011,43,42,5,11,803,669
2011-10-31,2011,44,104,7,23,2282,1487
2011-11-07,2011,45,73,7,26,1265,1039
2011-11-14,2011,46,99,7,46,1734,1400
2011-11-21,2011,47,89,9,20,1884,1170
2011-11-28,2011,48,91,7,42,1508,982
2011-12-05,2011,49,40,4,4,545,402
2011-12-12,2011,50,14,4,4,407,328
2011-12-19,2011,51,30,5,18,1374,1405
2011-12-26,2011,52,10,4,4,414,223
2012-01-02,2012,1,78,7,11,654,853
2012-01-09,2012,2,15,4,6,95,93
2012-01-16,2012,3,2,2,0,4,12
2012-01-23,2012,4,52,5,19,2520,2112
2012-01-30,2012,5,42,5,15,766,364
2012-02-06,2012,6,81,10,33,6037,2443
2012-02-13,2012,7,43,8,15,1002,678
2012-02-20,2012,8,44,8,14,4414,1340
2012-02-27,2012,9,115,9,31,5689,3752
2012-03-05,2012,10,57,6,8,2218,1513
2012-03-12,2012,11,39,7,1,670,297
2012-03-19,2012,12,82,9,22,4391,6210
2012-03-26,2012,13,48,8,9,1274,897
2012-04-02,2012,14,66,9,5,1407,1438
2012-04-09,2012,15,70,8,16,1414,878
2012-04-16,2012,16,89,7,28,1501,1909
2012-04-23,2012,17,72,6,32,1552,1082
2012-04-30,2012,18,95,7,37,1133,720
2012-05-07,2012,19,50,6,9,900,423
2012-05-14,2012,20,51,5,8,885,542
2012-05-21,2012,21,116,9,34,2535,1969
2012-05-28,2012,22,32,7,10,4991,2236
2012-06-04,2012,23,69,6,12,1465,801
2012-06-11,2012,24,39,7,10,280,164
2012-06-18,2012,25,15,3,1,106,35
2012-06-25,2012,26,100,4,49,662,1061
2012-07-02,2012,27,30,5,4,101,70
2012-07-09,2012,28,40,6,15,4005,305
2012-07-16,2012,29,30,7,19,400,251
2012-07-23,2012,30,57,4,10,962,661
2012-07-30,2012,31,88,9,42,1956,1177
2012-08-06,2012,32,51,8,26,1107,957
2012-08-13,2012,33,50,6,20,679,491
2012-08-20,2012,34,77,8,27,1499,10529
2012-08-27,2012,35,69,9,28,21742,18110
2012-09-03,2012,36,94,9,38,1647,830
2012-09-10,2012,37,89,4,61,1440,2449
2012-09-17,2012,38,82,7,42,1690,1183
2012-09-24,2012,39,126,9,59,4692,3026
2012-10-01,2012,40,48,7,20,2525,830
2012-10-08,2012,41,95,8,36,1713,744
2012-10-15,2012,42,36,6,1,1118,836
2012-10-22,2012,43,55,8,21,1099,847
2012-10-29,2012,44,42,10,5,2119,944
2012-11-05,2012,45,184,9,91,4726,2448
2012-11-12,2012,46,101,9,39,3025,1935
2012-11-19,2012,47,185,10,50,4444,3229
2012-11-26,2012,48,144,6,39,2130,1392
2012-12-03,2012,49,165,8,58,4721,2803
2012-12-10,2012,50,38,5,8,2089,2075
2012-12-17,2012,51,21,4,16,10005,139
2012-12-24,2012,52,30,4,7,102,45
2012-12-31,2013,1,62,8,11,412,256
2013-01-07,2013,2,5,3,0,15,7
2013-01-14,2013,3,10,5,2,825,591
2013-01-21,2013,4,41,6,12,496,147
2013-01-28,2013,5,34,4,19,1667,939
2013-02-04,2013,6,18,7,8,278,170
2013-02-11,2013,7,47,10,28,2260,2389
2013-02-18,2013,8,33,7,21,1461,968
2013-02-25,2013,9,116,10,61,5796,3057
2013-03-04,2013,10,62,9,36,1315,579
2013-03-11,2013,11,78,8,39,3358,1328
2013-03-18,2013,12,57,8,18,22523,889
2013-03-25,2013,13,90,8,43,2948,1488
2013-04-01,2013,14,49,8,26,1404,1594
2013-04-08,2013,15,60,8,39,635,364
2013-04-15,2013,16,49,8,28,891,722
2013-04-22,2013,17,78,9,59,1404,1034
2013-04-29,2013,18,58,9,22,556,658
2013-05-06,2013,19,68,8,53,1106,857
2013-05-13,2013,20,53,7,22,584,356
2013-05-20,2013,21,74,11,22,3951,3418
2013-05-27,2013,22,27,9,14,204,1946
2013-06-03,2013,23,33,9,15,360,1130
2013-06-10,2013,24,1,1,2,4,4
2013-06-17,2013,25,72,6,10,615,472
2013-06-24,2013,26,27,9,14,1149,1206
2013-07-01,2013,27,47,8,40,984,1219
2013-07-08,2013,28,126,8,50,1611,1766
2013-07-15,2013,29,54,7,21,851,777
2013-07-22,2013,30,77,10,55,8792,10659
2013-07-29,2013,31,138,10,43,1114,482
2013-08-05,2013,32,43,6,31,1633,2278
2013-08-12,2013,33,35,9,31,1260,1425
2013-08-19,2013,34,67,9,54,2543,1363
2013-08-26,2013,35,83,9,37,5136,620
2013-09-02,2013,36,100,6,63,7190,2290
2013-09-09,2013,37,146,7,31,2901,965
2013-09-16,2013,38,116,9,69,4820,2737
2013-09-23,2013,39,84,6,54,3661,1468
2013-09-30,2013,40,57,6,34,816,319
2013-10-07,2013,41,65,8,50,1609,1143
2013-10-14,2013,42,82,6,29,3918,2236
2013-10-21,2013,43,110,7,41,3177,2091
2013-10-28,2013,44,38,5,25,3236,1905
2013-11-04,2013,45,79,8,63,6828,6335
2013-11-11,2013,46,165,8,85,13616,10563
2013-11-18,2013,47,122,12,69,2643,1755
2013-11-25,2013,48,144,11,63,4596,3130
2013-12-02,2013,49,300,13,110,8294,6609
2013-12-09,2013,50,52,7,21,706,320
2013-12-16,2013,51,2,2,5,61,5
2013-12-23,2013,52,15,5,9,606,329
2013-12-30,2014,1,28,3,17,1171,333
2014-01-06,2014,2,25,8,22,853,228
2014-01-13,2014,3,51,7,28,750,233
2014-01-20,2014,4,54,7,28,3751,1929
2014-01-27,2014,5,42,6,32,2616,618
2014-02-03,2014,6,75,8,43,2787,2739
2014-02-10,2014,7,27,6,17,4751,1892
2014-02-17,2014,8,56,8,27,16226,14970
2014-02-24,2014,9,128,9,60,5671,2124
2014-03-03,2014,10,123,9,72,15051,7645
2014-03-10,2014,11,71,9,37,5269,2930
2014-03-17,2014,12,103,8,43,4660,3159
2014-03-24,2014,13,205,8,92,38468,34076
2014-03-31,2014,14,110,8,37,3462,1881
2014-04-07,2014,15,130,6,36,4159,2801
2014-04-14,2014,16,67,6,26,3962,1062
2014-04-21,2014,17,46,8,18,367,304
2014-04-28,2014,18,32,5,22,331,117
2014-05-05,2014,19,120,6,35,1190,676
2014-05-12,2014,20,114,5,13,3036,1728
2014-05-19,2014,21,90,5,20,3593,2032
2014-05-26,2014,22,72,8,40,2516,1525
2014-06-02,2014,23,55,7,41,1601,704
2014-06-09,2014,24,51,6,22,1657,525
2014-06-16,2014,25,48,8,26,3799,1171
2014-06-23,2014,26,112,8,64,2149,802
2014-06-30,2014,27,94,8,43,3539,1575
2014-07-07,2014,28,142,10,65,5913,2968
2014-07-14,2014,29,105,10,55,10946,5983
2014-07-21,2014,30,57,7,32,947,975
2014-07-28,2014,31,57,7,34,1279,544
2014-08-04,2014,32,94,7,24,2581,1653
2014-08-11,2014,33,59,8,26,1668,1046
2014-08-18,2014,34,70,7,24,1417,711
2014-08-25,2014,35,62,6,24,1996,1615
2014-09-01,2014,36,65,6,23,581,361
2014-09-08,2014,37,25,5,17,1200,636
2014-09-15,2014,38,11,4,5,218,78
2014-09-22,2014,39,20,5,12,282,137
2014-09-29,2014,40,65,9,44,4841,1420
2014-10-06,2014,41,44,9,18,18510,405
2014-10-13,2014,42,83,9,52,21594,3727
2014-10-20,2014,43,67,10,35,1808,1260
2014-10-27,2014,44,143,14,64,5805,2747
2014-11-03,2014,45,115,10,68,3265,2119
2014-11-10,2014,46,70,11,31,4812,1774
2014-11-17,2014,47,171,13,57,3849,1785
2014-11-24,2014,48,143,13,50,2457,2399
2014-12-01,2014,49,107,14,54,3935,1671
2014-12-08,2014,50,68,11,38,1611,1281
2014-12-15,2014,51,133,11,28,3125,2136
2014-12-22,2014,52,10,5,10,184,35
2014-12-29,2015,1,54,8,42,2026,281
2015-01-05,2015,2,103,10,40,1756,1282
2015-01-12,2015,3,89,10,55,1686,927
2015-01-19,2015,4,42,8,18,852,505
2015-01-26,2015,5,39,8,26,4032,3331
2015-02-02,2015,6,49,10,27,2386,637
2015-02-09,2015,7,96,13,44,41482,16878
2015-02-16,2015,8,48,11,21,1588,10942
2015-02-23,2015,9,82,12,40,8163,3537
2015-03-02,2015,10,84,9,50,3016,1353
2015-03-09,2015,11,107,13,55,7086,3418
2015-03-16,2015,12,73,12,40,2984,2095
2015-03-23,2015,13,61,10,28,644,504
2015-03-30,2015,14,130,13,44,3215,2018
2015-04-06,2015,15,65,11,26,1179,564
2015-04-13,2015,16,35,9,21,12388,12327
2015-04-20,2015,17,146,8,33,10429,1310
2015-04-27,2015,18,39,10,10,1575,136
2015-05-04,2015,19,147,12,36,9647,7781
2015-05-11,2015,20,25,9,15,682,191
2015-05-18,2015,21,81,10,16,2566,1211
2015-05-25,2015,22,86,12,17,8791,3060
2015-06-01,2015,23,31,8,22,899,1700
2015-06-08,2015,24,69,11,41,2513,1372
2015-06-15,2015,25,125,12,64,11038,1693
2015-06-22,2015,26,92,13,39,2707,1133
2015-06-29,2015,27,96,13,53,8723,3779
2015-07-06,2015,28,95,14,48,3862,1677
2015-07-13,2015,29,143,14,43,3584,1981
2015-07-20,2015,30,110,13,19,7979,3001
2015-07-27,2015,31,91,11,31,3539,1499
2015-08-03,2015,32,73,10,18,1133,580
2015-08-10,2015,33,19,8,20,470,241
2015-08-17,2015,34,98,10,50,1627,709
2015-08-24,2015,35,99,11,47,27857,26754
2015-08-31,2015,36,118,11,42,3583,2261
2015-09-07,2015,37,165,14,91,6677,4027
2015-09-14,2015,38,261,13,91,10432,6734
2015-09-21,2015,39,293,12,92,6803,2255
2015-09-28,2015,40,167,13,62,6385,2562
2015-10-05,2015,41,205,16,89,16064,4121
2015-10-12,2015,42,241,12,67,10167,8487
2015-10-19,2015,43,127,13,61,7405,5095
2015-10-26,2015,44,94,12,38,1934,1278
2015-11-02,2015,45,89,11,48,1932,556
2015-11-09,2015,46,63,14,30,1156,591
2015-11-16,2015,47,90,17,34,25417,25004
2015-11-23,2015,48,19,7,43,448,218
2015-11-30,2015,49,62,26,34,1263,379
2015-12-07,2015,50,94,18,41,1079,923
2015-12-14,2015,51,129,14,29,1979,464
2015-12-21,2015,52,76,10,28,1853,738
2015-12-28,2015,53,56,13,28,21952,634
2016-01-04,2016,1,90,13,26,2120,632
2016-01-11,2016,2,83,13,35,3231,1554
2016-01-18,2016,3,52,14,29,15534,4256
2016-01-25,2016,4,37,11,16,947,450
2016-02-01,2016,5,77,10,14,1982,279
2016-02-08,2016,6,23,9,15,707,224
2016-02-15,2016,7,80,11,52,10927,4380
2016-02-22,2016,8,161,17,56,5465,2182
2016-02-29,2016,9,103,16,29,5266,2842
2016-03-07,2016,10,112,19,33,1830,1012
2016-03-14,2016,11,54,13,19,1629,1055
2016-03-21,2016,12,49,12,20,1639,987
2016-03-28,2016,13,70,10,11,1003,424
2016-04-04,2016,14,17,10,18,908,509
2016-04-11,2016,15,58,14,41,21928,520
2016-04-18,2016,16,76,14,33,2427,1206
2016-04-25,2016,17,34,13,25,419,129
2016-05-02,2016,18,62,10,21,743,366
2016-05-09,2016,19,32,9,17,11551,4274
2016-05-16,2016,20,83,14,30,4898,2935
2016-05-23,2016,21,72,12,35,2866,1133
2016-05-30,2016,22,45,11,16,1471,352
2016-06-06,2016,23,55,13,26,3609,2334
2016-06-13,2016,24,61,16,53,5848,1462
2016-06-20,2016,25,128,15,25,1639,553
2016-06-27,2016,26,64,14,40,6132,1820
2016-07-04,2016,27,89,14,35,2174,951
2016-07-11,2016,28,53,12,31,4720,565
2016-07-18,2016,29,62,15,29,1234,2352
2016-07-25,2016,30,28,7,17,1363,783
2016-08-01,2016,31,38,10,34,22735,410
2016-08-08,2016,32,47,8,40,2674,2489
2016-08-15,2016,33,38,7,29,1203,599
2016-08-22,2016,34,130,11,33,11644,9665
2016-08-29,2016,35,92,13,55,3634,2467
2016-09-05,2016,36,68,10,16,2621,488
2016-09-12,2016,37,34,12,29,1108,468
2016-09-19,2016,38,30,10,32,2180,812
2016-09-26,2016,39,49,14,32,2166,957
2016-10-03,2016,40,66,16,48,2803,1074
2016-10-10,2016,41,35,11,29,3131,1056
2016-10-17,2016,42,79,17,253,43657,6005
2016-10-24,2016,43,160,20,91,11358,4151
2016-10-31,2016,44,109,20,54,4015,2915
2016-11-07,2016,45,66,15,36,6916,4928
2016-11-14,2016,46,106,17,48,3667,1202
2016-11-21,2016,47,44,15,28,7668,621
2016-11-28,2016,48,130,17,50,4443,2184
2016-12-05,2016,49,68,11,35,1084,699
2016-12-12,2016,50,55,13,26,1094,412
2016-12-19,2016,51,18,6,19,377,143
2016-12-26,2016,52,21,4,23,875,229
2017-01-02,2017,1,95,12,32,20604,11752
2017-01-09,2017,2,156,7,34,1688,556
2017-01-16,2017,3,32,8,27,678,404
2017-01-23,2017,4,89,14,22,2101,1324
2017-01-30,2017,5,14,6,7,194,57
2017-02-06,2017,6,13,7,10,262,147
2017-02-13,2017,7,24,8,22,5874,586
2017-02-20,2017,8,46,11,49,7961,480
2017-02-27,2017,9,20,6,26,443,60
2017-03-06,2017,10,136,10,17,1384,302
2017-03-13,2017,11,22,9,17,855,191
2017-03-20,2017,12,29,6,16,475,154
2017-03-27,2017,13,30,7,28,673,200
2017-04-03,2017,14,35,7,23,8681,10456
2017-04-10,2017,15,58,10,28,6766,3359
2017-04-17,2017,16,88,11,25,1535,784
2017-04-24,2017,17,15,3,1,144,59
2017-05-01,2017,18,21,7,14,2366,205
2017-05-08,2017,19,87,17,98,66848,53376
2017-05-15,2017,20,144,16,52,2677,836
2017-05-22,2017,21,37,13,42,4416,3136
2017-05-29,2017,22,24,7,4,54467,192
2017-06-05,2017,23,22,10,17,5515,138
2017-06-12,2017,24,21,10,21,465,38
2017-06-19,2017,25,34,7,26,802,505
2017-06-26,2017,26,44,7,38,1062,231
2017-07-03,2017,27,25,10,19,400,65
2017-07-10,2017,28,43,9,37,2974,1212
2017-07-17,2017,29,61,8,23,914,560
2017-07-24,2017,30,72,9,33,2274,3314
2017-07-31,2017,31,39,9,17,4371,2561
2017-08-07,2017,32,15,6,15,2504,2112
2017-08-14,2017,33,37,11,23,5124,3063
2017-08-21,2017,34,33,9,18,977,614
2017-08-28,2017,35,11,9,6,12895,354
2017-09-04,2017,36,36,10,23,2161,1127
2017-09-11,2017,37,20,9,55,39737,470
2017-09-18,2017,38,203,9,58,4023,8444
2017-09-25,2017,39,70,14,57,31157,20382
2017-10-02,2017,40,133,18,119,14566,10472
2017-10-09,2017,41,77,12,65,4088,844
2017-10-16,2017,42,99,14,54,3142,1847
2017-10-23,2017,43,71,15,47,1885,749
2017-10-30,2017,44,76,9,20,11468,4719
2017-11-06,2017,45,43,6,26,1440,1117
2017-11-13,2017,46,46,9,23,16906,10157
2017-11-20,2017,47,24,6,20,929,524
2017-11-27,2017,48,132,12,50,2245,533
2017-12-04,2017,49,22,5,11,1002,307
2017-12-11,2017,50,25,9,25,1725,837
2017-12-18,2017,51,12,5,11,852,520
2017-12-25,2017,52,3,1,3,11,2
2018-01-01,2018,1,6,3,4,153,26
2018-01-08,2018,2,16,8,20,147,77
2018-01-15,2018,3,88,9,28,623,6969
2018-01-22,2018,4,78,7,33,14415,49498
2018-01-29,2018,5,37,7,30,788,715
2018-02-05,2018,6,55,10,36,576,354
2018-02-12,2018,7,16,5,20,478,143
2018-02-19,2018,8,34,7,36,1724,1378
2018-02-26,2018,9,26,7,24,667,204
2018-03-05,2018,10,50,6,58,1411,581
2018-03-12,2018,11,26,5,30,1046,323
2018-03-19,2018,12,25,7,24,875,558
2018-03-26,2018,13,11,4,7,361,267
2018-04-02,2018,14,74,6,10,780,300
2018-04-09,2018,15,14,7,22,1913,362
2018-04-16,2018,16,18,6,16,1927,272
2018-04-23,2018,17,35,8,25,54008,68958
2018-04-30,2018,18,143,9,63,60983,70304
2018-05-07,2018,19,75,5,27,2519,1178
2018-05-14,2018,20,49,7,19,1392,601
2018-05-21,2018,21,28,6,19,2329,2191
2018-05-28,2018,22,3,3,4,38,10
2018-06-04,2018,23,9,4,10,201,26
2018-06-11,2018,24,31,6,32,2362,248
2018-06-18,2018,25,9,3,11,1135,198
2018-06-25,2018,26,6,3,5,80,79
2018-07-02,2018,27,51,5,7,1662,410
2018-07-09,2018,28,11,3,19,2217,454
2018-07-16,2018,29,73,7,53,18137,17436
2018-07-23,2018,30,23,7,22,697,151
2018-07-30,2018,31,13,6,8,1436,281
2018-08-06,2018,32,12,5,7,298,75
2018-08-13,2018,33,11,6,11,787,410
2018-08-20,2018,34,3,1,2,40,66
2018-08-27,2018,35,24,6,19,1121,187
2018-09-03,2018,36,28,4,28,1798,424
2018-09-10,2018,37,12,6,6,191,92
2018-09-17,2018,38,8,3,12,879,36
2018-09-24,2018,39,8,2,5,997,288
2018-10-01,2018,40,18,4,16,178,31
2018-10-08,2018,41,46,7,39,19776,8623
2018-10-15,2018,42,51,9,47,10739,438
2018-10-22,2018,43,56,10,197,34881,6881
2018-10-29,2018,44,31,4,68,22074,18318
2018-11-05,2018,45,20,5,8,732,227
2018-11-12,2018,46,24,7,104,8705,4233
2018-11-19,2018,47,37,12,48,2618,2077
2018-11-26,2018,48,14,8,18,227,278
2018-12-03,2018,49,14,2,13,527,304
2018-12-10,2018,50,276,13,399,64619,8768
2018-12-17,2018,51,110,8,105,6344,3619
2018-12-24,2018,52,17,8,17,664,466
2018-12-31,2019,1,34,4,17,1394,725
2019-01-07,2019,2,166,12,142,7950,3634
2019-01-14,2019,3,82,7,73,5354,1264
2019-01-21,2019,4,43,9,50,1171,502
2019-01-28,2019,5,23,9,12,52181,52703
2019-02-04,2019,6,14,6,15,1489,1340
2019-02-11,2019,7,10,4,4,69,59
2019-02-18,2019,8,20,5,12,445,611
2019-02-25,2019,9,18,4,23,407,199
2019-03-04,2019,10,40,11,36,3401,1225
2019-03-11,2019,11,98,8,32,3214,596
2019-03-18,2019,12,67,14,98,43760,6095
2019-03-25,2019,13,87,9,61,1382,1101
2019-04-01,2019,14,55,8,51,1102,737
2019-04-08,2019,15,66,10,56,1925,1028
2019-04-15,2019,16,56,11,57,2149,1127
2019-04-22,2019,17,19,9,41,964,411
2019-04-29,2019,18,13,3,28,331,333
2019-05-06,2019,19,17,4,10,396,243
2019-05-13,2019,20,60,6,50,10392,8940
2019-05-20,2019,21,89,5,43,3919,3331
2019-05-27,2019,22,36,6,13,333,281
2019-06-03,2019,23,18,5,15,1060,700
2019-06-10,2019,24,37,6,29,1854,1279
2019-06-17,2019,25,19,5,26,497,65
2019-06-24,2019,26,14,6,17,11772,5149
2019-07-01,2019,27,30,4,30,4384,2497
2019-07-08,2019,28,28,3,23,1248,809
2019-07-15,2019,29,31,3,28,3298,3110
2019-07-22,2019,30,34,2,43,2177,3787
2019-07-29,2019,31,45,5,44,936,641
2019-08-05,2019,32,37,5,46,2324,1375
2019-08-12,2019,33,45,8,53,2182,1155
2019-08-19,2019,34,66,6,68,1778,948
2019-08-26,2019,35,34,7,66,2647,803
2019-09-02,2019,36,158,7,35,3637,3136
2019-09-09,2019,37,62,6,63,6526,4319
2019-09-16,2019,38,90,14,84,9182,3597
2019-09-23,2019,39,111,14,130,36800,1096
2019-09-30,2019,40,69,9,87,20574,20737
2019-10-07,2019,41,55,14,87,4914,2070
2019-10-14,2019,42,90,9,39,22023,21369
2019-10-21,2019,43,43,7,43,1479,1187
2019-10-28,2019,44,42,9,42,19227,17083
2019-11-04,2019,45,48,6,26,2113,1468
2019-11-11,2019,46,48,3,58,4074,1894
2019-11-18,2019,47,29,2,45,236,116
2019-11-25,2019,48,38,5,64,1500,1124
2019-12-02,2019,49,20,5,34,599,861
2019-12-09,2019,50,133,4,74,12817,2827
2019-12-16,2019,51,43,3,38,589,218
2019-12-23,2019,52,15,1,19,444,283
2019-12-30,2020,1,21,4,23,1807,1332
2020-01-06,2020,2,24,5,21,2607,1901
2020-01-13,2020,3,22,1,37,736,673
2020-01-20,2020,4,25,5,14,1203,1019
2020-01-27,2020,5,56,4,62,1803,1317
2020-02-03,2020,6,57,9,69,3665,2681
2020-02-10,2020,7,69,10,116,4426,2261
2020-02-17,2020,8,55,8,47,3417,6439
2020-02-24,2020,9,53,6,72,1177,815
2020-03-02,2020,10,33,6,33,1341,1042
2020-03-09,2020,11,22,7,30,951,550
2020-03-16,2020,12,36,4,32,914,1252
2020-03-23,2020,13,35,7,34,3039,11260
2020-03-30,2020,14,23,6,20,881,670
2020-04-06,2020,15,21,6,44,1011,259
2020-04-13,2020,16,27,4,50,610,211
2020-04-20,2020,17,27,4,52,784,457
2020-04-27,2020,18,130,8,48,6625,2285
2020-05-04,2020,19,25,6,31,3719,2235
2020-05-11,2020,20,33,4,34,1985,1201
2020-05-18,2020,21,39,6,40,1765,285
2020-05-25,2020,22,20,4,17,10812,10555
2020-06-01,2020,23,50,10,62,3742,761
2020-06-08,2020,24,120,6,58,34199,32437
2020-06-15,2020,25,73,10,73,5807,2076
2020-06-22,2020,26,93,13,111,15292,8504
2020-06-29,2020,27,120,11,135,9515,2409
2020-07-06,2020,28,125,11,157,8210,3004
2020-07-13,2020,29,56,10,60,2219,2115
2020-07-20,2020,30,120,9,132,3513,2380
2020-07-27,2020,31,83,9,95,3579,1935
2020-08-03,2020,32,55,6,43,1824,1192
2020-08-10,2020,33,34,5,30,1203,975
2020-08-17,2020,34,46,3,37,388,261
2020-08-24,2020,35,59,5,71,1749,946
2020-08-31,2020,36,43,4,30,3229,1737
2020-09-07,2020,37,24,5,19,490,296
2020-09-14,2020,38,48,5,26,1283,618
2020-09-21,2020,39,42,5,18,1558,442
2020-09-28,2020,40,26,7,17,831,969
2020-10-05,2020,41,38,8,60,35881,707
2020-10-12,2020,42,72,13,83,8070,3007
2020-10-19,2020,43,108,12,163,43913,3822
2020-10-26,2020,44,162,11,72,8281,4284
2020-11-02,2020,45,68,6,44,21235,6141
2020-11-09,2020,46,69,9,97,17686,11302
2020-11-16,2020,47,75,10,76,7345,4662
2020-11-23,2020,48,26,7,23,547,1033
2020-11-30,2020,49,52,8,57,10268,14714
2020-12-07,2020,50,38,6,21,517,380
2020-12-14,2020,51,47,9,46,13868,5239
2020-12-21,2020,52,63,8,34,1518,3115
2020-12-28,2020,53,19,5,21,763,337
2021-01-04,2021,1,28,6,12,6139,7916
2021-01-11,2021,2,18,6,26,135,185
2021-01-18,2021,3,37,7,44,3968,2649
2021-01-25,2021,4,106,11,78,37734,31993
2021-02-01,2021,5,118,14,118,124858,114677
2021-02-08,2021,6,108,9,44,25980,2300
2021-02-15,2021,7,56,8,73,1916,1398
2021-02-22,2021,8,58,7,44,2630,13302
2021-03-01,2021,9,49,9,39,2785,23664
2021-03-08,2021,10,28,6,18,526,213
2021-03-15,2021,11,28,5,25,385,381
2021-03-22,2021,12,50,6,43,4582,3405
2021-03-29,2021,13,45,6,29,9135,4856
2021-04-05,2021,14,43,7,53,7149,5890
2021-04-12,2021,15,70,8,25,3730,1944
2021-04-19,2021,16,19,6,19,1075,417
2021-04-26,2021,17,15,7,26,1085,161
2021-05-03,2021,18,29,7,33,3287,1518
2021-05-10,2021,19,86,8,40,2462,814
2021-05-17,2021,20,35,10,98,5759,2842
2021-05-24,2021,21,94,12,108,30182,13737
2021-05-31,2021,22,31,11,49,1456,1721
2021-06-07,2021,23,62,11,94,4611,1923
2021-06-14,2021,24,47,6,51,4768,1622
2021-06-21,2021,25,60,15,61,1781,879
2021-06-28,2021,26,82,9,48,2854,1994
2021-07-05,2021,27,74,14,48,4853,2778
2021-07-12,2021,28,52,8,36,2552,2307
2021-07-19,2021,29,30,5,25,1218,1003
2021-07-26,2021,30,39,5,32,8787,8389
2021-08-02,2021,31,58,5,24,700,4428
2021-08-09,2021,32,34,3,25,1148,996
2021-08-16,2021,33,35,5,32,8763,8258
2021-08-23,2021,34,35,7,26,1883,1653
2021-08-30,2021,35,45,7,65,3868,2852
2021-09-06,2021,36,74,5,33,8740,7233
2021-09-13,2021,37,20,4,42,668,102
2021-09-20,2021,38,47,7,28,11408,3388
2021-09-27,2021,39,11,3,20,82,40
2021-10-04,2021,40,18,5,32,1760,1585
2021-10-11,2021,41,13,4,29,376,49
2021-10-18,2021,42,15,4,11,367,184
2021-10-25,2021,43,33,8,27,1520,489
2021-11-01,2021,44,70,12,117,6652,2179
2021-11-08,2021,45,122,19,153,30269,7829
2021-11-15,2021,46,76,14,136,5590,2140
2021-11-22,2021,47,33,8,47,9404,8216
2021-11-29,2021,48,60,8,57,2855,1948
2021-12-06,2021,49,38,9,38,7209,8194
2021-12-13,2021,50,30,9,42,1980,1045
2021-12-20,2021,51,27,5,41,2408,1482
2021-12-27,2021,52,10,3,10,141,102
2022-01-03,2022,1,115,8,54,2214,1285
2022-01-10,2022,2,41,9,34,1076,789
2022-01-17,2022,3,36,7,39,2255,1513
2022-01-24,2022,4,34,9,36,1321,1359
2022-01-31,2022,5,29,8,48,1782,1339
2022-02-07,2022,6,41,5,38,1420,873
2022-02-14,2022,7,55,8,50,1819,1218
2022-02-21,2022,8,29,5,41,332,178
2022-02-28,2022,9,16,5,33,976,813
2022-03-07,2022,10,107,7,62,2241,1044
2022-03-14,2022,11,36,9,45,537,340
2022-03-21,2022,12,31,5,31,1227,841
2022-03-28,2022,13,58,9,87,2492,694
2022-04-04,2022,14,65,8,86,2773,894
2022-04-11,2022,15,80,7,96,11685,10207
2022-04-18,2022,16,48,6,41,2133,1629
2022-04-25,2022,17,76,11,57,9627,4907
2022-05-02,2022,18,41,7,57,2444,1437
2022-05-09,2022,19,33,6,46,2098,1431
2022-05-16,2022,20,30,6,52,2888,1925
2022-05-23,2022,21,21,4,26,524,307
2022-05-30,2022,22,18,3,18,398,309
2022-06-06,2022,23,23,4,46,1063,654
2022-06-13,2022,24,41,4,27,1295,704
2022-06-20,2022,25,46,8,40,2312,1035
2022-06-27,2022,26,60,4,25,3933,7531
2022-07-04,2022,27,53,7,54,4554,3809
2022-07-11,2022,28,23,3,22,675,365
2022-07-18,2022,29,57,7,114,8702,5853
2022-07-25,2022,30,37,5,43,2830,2373
2022-08-01,2022,31,49,6,62,1743,858
2022-08-08,2022,32,39,8,56,3748,1083
2022-08-15,2022,33,20,4,31,400,201
2022-08-22,2022,34,35,7,103,5084,2444
2022-08-29,2022,35,114,6,30,2571,817
2022-09-05,2022,36,66,18,106,4355,4081
2022-09-12,2022,37,67,9,113,11514,2654
2022-09-19,2022,38,106,13,157,22093,19330
2022-09-26,2022,39,62,11,101,2204,1679
2022-10-03,2022,40,63,11,104,4326,1446
2022-10-10,2022,41,91,9,133,4234,1962
2022-10-17,2022,42,148,10,61,7273,2665
2022-10-24,2022,43,57,10,60,12981,12339
2022-10-31,2022,44,32,7,35,642,1324
2022-11-07,2022,45,76,9,122,2635,1790
2022-11-14,2022,46,26,4,26,454,413
2022-11-21,2022,47,27,2,32,321,154
2022-11-28,2022,48,46,7,28,1744,1094
2022-12-05,2022,49,24,4,22,556,372
2022-12-12,2022,50,49,8,38,10423,7446
2022-12-19,2022,51,11,4,19,357,193
2022-12-26,2022,52,8,1,7,368,151
2023-01-02,2023,1,13,4,15,218,151
2023-01-09,2023,2,38,6,44,291,349
2023-01-16,2023,3,39,8,70,27363,26858
2023-01-23,2023,4,46,8,56,2215,979
2023-01-30,2023,5,65,12,92,9071,945
2023-02-06,2023,6,83,16,143,20605,7892
2023-02-13,2023,7,57,15,78,4816,4226
2023-02-20,2023,8,60,10,77,2423,1360
2023-02-27,2023,9,36,10,71,1851,1687
2023-03-06,2023,10,78,13,62,6708,3711
2023-03-13,2023,11,24,5,38,1262,968
2023-03-20,2023,12,30,5,46,1823,1335
2023-03-27,2023,13,24,5,34,497,151
2023-04-03,2023,14,24,4,31,654,245
2023-04-10,2023,15,12,3,22,94,249
2023-04-17,2023,16,25,9,20,2004,458
2023-04-24,2023,17,21,6,31,406,342
2023-05-01,2023,18,27,6,50,1408,675
2023-05-08,2023,19,30,6,68,2100,1639
2023-05-15,2023,20,88,6,44,4860,520
2023-05-22,2023,21,20,8,48,1232,290
2023-05-29,2023,22,14,5,13,497,252
2023-06-05,2023,23,27,8,47,712,359
2023-06-12,2023,24,32,9,51,1372,910
2023-06-19,2023,25,90,10,165,2867,1418
2023-06-26,2023,26,97,16,146,29226,11819
2023-07-03,2023,27,58,9,63,3697,3794
2023-07-10,2023,28,61,10,106,3791,2652
2023-07-17,2023,29,40,15,63,4874,1183
2023-07-24,2023,30,42,9,45,3595,2262
2023-07-31,2023,31,36,8,40,1850,768
2023-08-07,2023,32,34,9,38,21859,16908
2023-08-14,2023,33,25,9,26,1338,393
2023-08-21,2023,34,59,19,88,3117,1695
2023-08-28,2023,35,31,11,44,3755,844
2023-09-04,2023,36,41,10,48,32177,2035
2023-09-11,2023,37,51,11,44,3749,1666
2023-09-18,2023,38,69,13,122,6363,2006
2023-09-25,2023,39,81,17,173,43527,6045
2023-10-02,2023,40,50,11,97,5887,3926
2023-10-09,2023,41,136,19,134,24411,13615
2023-10-16,2023,42,44,12,78,9843,9420
2023-10-23,2023,43,45,12,64,9085,4679
2023-10-30,2023,44,37,8,57,10775,9687
2023-11-06,2023,45,43,10,46,1591,1241
2023-11-13,2023,46,20,5,41,8081,8008
2023-11-20,2023,47,10,4,25,498,153
2023-11-27,2023,48,13,5,18,1454,672
2023-12-04,2023,49,29,9,51,797,259
2023-12-11,2023,50,16,4,29,457,137
2023-12-18,2023,51,31,7,27,12842,7232
2023-12-25,2023,52,8,2,16,23,15
2024-01-01,2024,1,11,4,5,165,119
2024-01-08,2024,2,39,11,62,3535,730
2024-01-15,2024,3,37,10,62,1272,411
2024-01-22,2024,4,51,12,63,9100,2911
2024-01-29,2024,5,159,14,82,12616,7012
2024-02-05,2024,6,53,12,219,21917,3417
2024-02-12,2024,7,70,17,121,4656,3446
2024-02-19,2024,8,53,14,99,4819,3714
2024-02-26,2024,9,49,10,81,5937,1732
2024-03-04,2024,10,41,13,55,1242,863
2024-03-11,2024,11,51,10,47,3345,2063
2024-03-18,2024,12,26,7,30,473,280
2024-03-25,2024,13,27,7,70,1791,1199
2024-04-01,2024,14,42,13,71,1601,742
2024-04-08,2024,15,48,9,38,24469,16414
2024-04-15,2024,16,36,6,38,25834,704
2024-04-22,2024,17,25,9,34,842,280
2024-04-29,2024,18,47,9,86,2892,1456
2024-05-06,2024,19,38,13,66,1218,415
2024-05-13,2024,20,35,12,39,2714,2738
2024-05-20,2024,21,28,11,45,9783,2816
2024-05-27,2024,22,88,16,113,7289,6323
2024-06-03,2024,23,85,20,113,5206,5056
2024-06-10,2024,24,47,16,94,3108,2318
2024-06-17,2024,25,45,14,76,1987,923
2024-06-24,2024,26,136,14,80,16678,12532
2024-07-01,2024,27,83,11,55,6892,10610
2024-07-08,2024,28,32,9,32,1389,1060
2024-07-15,2024,29,58,12,64,5227,2022
2024-07-22,2024,30,47,13,65,3346,843
2024-07-29,2024,31,27,6,32,2533,334
2024-08-05,2024,32,35,10,48,2329,957
2024-08-12,2024,33,29,7,65,560,211
2024-08-19,2024,34,23,8,62,1844,295
2024-08-26,2024,35,27,11,47,599,328
2024-09-02,2024,36,36,10,66,1596,1012
2024-09-09,2024,37,24,7,39,1100,373
2024-09-16,2024,38,56,22,96,8369,3729
2024-09-23,2024,39,36,12,45,1789,1230
2024-09-30,2024,40,71,16,160,42779,25094
2024-10-07,2024,41,41,11,75,28027,53399
2024-10-14,2024,42,34,12,71,2591,1433
2024-10-21,2024,43,45,10,68,1755,1094
2024-10-28,2024,44,32,7,30,5743,3425
2024-11-04,2024,45,43,11,41,3212,2518
2024-11-11,2024,46,28,10,35,887,124
2024-11-18,2024,47,48,13,73,1830,755
2024-11-25,2024,48,19,8,39,891,715
2024-12-02,2024,49,23,7,39,956,455
2024-12-09,2024,50,18,6,54,1070,379
2024-12-16,2024,51,40,10,75,5080,4018
2024-12-23,2024,52,9,3,12,52,21
2024-12-30,2025,1,11,3,10,67,52
2025-01-06,2025,2,23,8,44,790,135
2025-01-13,2025,3,65,7,40,2173,667
2025-01-20,2025,4,47,8,86,1353,544
2025-01-27,2025,5,40,9,66,7082,1550
2025-02-03,2025,6,42,9,88,6751,5418
2025-02-10,2025,7,34,11,48,1487,466
2025-02-17,2025,8,35,13,94,4014,517
2025-02-24,2025,9,39,12,78,3659,455
2025-03-03,2025,10,56,11,85,3205,1908
2025-03-10,2025,11,45,11,87,15798,12583
2025-03-17,2025,12,67,8,75,34345,36051
2025-03-24,2025,13,40,9,40,754,4494
2025-03-31,2025,14,24,6,23,880,733
2025-04-07,2025,15,20,7,29,8079,8006
2025-04-14,2025,16,23,5,23,643,351
2025-04-21,2025,17,16,4,23,216,90
2025-04-28,2025,18,25,4,52,726,524
2025-05-05,2025,19,14,2,25,232,59
2025-05-12,2025,20,10,2,10,93,27
2025-05-19,2025,21,7,2,13,122,74
2025-05-26,2025,22,24,5,34,1138,576
2025-06-02,2025,23,21,8,42,164,324
2025-06-09,2025,24,17,5,24,1020,303
2025-06-16,2025,25,28,5,17,385,406
2025-06-23,2025,26,27,8,35,592,283
2025-06-30,2025,27,52,10,45,492,4507
2025-07-07,2025,28,33,9,54,1345,1295
2025-07-14,2025,29,39,5,38,498,206
2025-07-21,2025,30,26,6,24,729,930
2025-07-28,2025,31,21,7,48,522,290
2025-08-04,2025,32,86,10,40,1085,216
2025-08-11,2025,33,21,8,52,2471,137
2025-08-18,2025,34,15,6,40,282,149
2025-08-25,2025,35,39,15,74,2388,921
2025-09-01,2025,36,21,7,48,1527,346
2025-09-08,2025,37,21,8,44,1260,519
2025-09-15,2025,38,50,9,34,4502,4552
2025-09-22,2025,39,17,6,27,1226,1014
2025-09-29,2025,40,95,10,50,5574,3161
2025-10-06,2025,41,24,9,46,2488,704
2025-10-13,2025,42,56,11,80,11425,6290
2025-10-20,2025,43,85,20,120,21849,3623
2025-10-27,2025,44,47,11,94,3132,2111
2025-11-03,2025,45,74,12,72,5970,2800
2025-11-10,2025,46,63,14,87,11190,9506
2025-11-17,2025,47,34,12,43,1276,802
2025-11-24,2025,48,43,11,68,2373,5738
2025-12-01,2025,49,32,10,54,741,439
2025-12-08,2025,50,21,5,43,513,199
2025-12-15,2025,51,16,6,28,288,137
2025-12-22,2025,52,17,6,33,1106,740
